Player,Age,season,season_type,raptor_total,war_total,predator_total,years_league,years_playoff,performance_score
Aaron Gordon,26,2019,PO,0.4923385162974376,0.10507767954119446,0.5076092284554022,5,1,1.1050254242940343
Aaron Gordon,26,2021,PO,0.5478599089339611,0.1647834184412974,0.5044968272999242,8,2,1.2171401546751826
Aaron Gordon,26,2022,PO,0.631961096663839,0.2147686754879219,0.6619336658048962,11,3,1.508663437956657
Al Horford,35,2015,PO,0.6259283159759791,0.38743760153945844,0.5721906106841026,2,1,1.58555652819954
Al Horford,35,2016,PO,0.6063483405998552,0.26219725703257557,0.6261669597228687,4,2,1.4947125573552995
Al Horford,35,2017,PO,0.5833715774432995,0.3017907422152408,0.52496213524432,6,3,1.4101244549028604
Al Horford,35,2018,PO,0.6254459021227131,0.45931217368397487,0.5818665157896731,8,4,1.666624591596361
Al Horford,35,2019,PO,0.7092486727449753,0.4101992027919528,0.740382047184575,10,5,1.8598299227215032
Al Horford,35,2020,PO,0.5228861765341515,0.13032906760900892,0.49728521271930953,12,6,1.15050045686247
Al Horford,35,2022,PO,0.6538889407557631,0.6391361694878179,0.6968049252934383,15,7,1.9898300355370193
Alec Burks,30,2018,PO,0.6037398800731291,0.1786357690613395,0.5624587479067198,5,1,1.3448343970411885
Alec Burks,30,2020,PO,0.5424031006407497,0.13982684712117696,0.5240356666140014,10,2,1.206265614375928
Alec Burks,30,2021,PO,0.6599689540067479,0.21552240767503478,0.6153321672480269,13,3,1.4908235289298095
Alex Caruso,27,2020,PO,0.5642823750117891,0.22944621254450942,0.5407582380916702,3,1,1.3344868256479687
Alex Caruso,27,2021,PO,0.4470907210882086,0.08480236097839303,0.4538197003428017,5,2,0.9857127824094033
Alex Caruso,27,2022,PO,0.6815944679882759,0.21720243854793536,0.6942397169702975,7,3,1.5930366235065088
Amir Coffey,24,2020,PO,0.8524118818157133,0.1435690001382611,0.7871329046724185,1,1,1.7831137866263929
Amir Coffey,24,2021,PO,0.6092232497260867,0.13875944384285507,0.5215818024331482,3,2,1.26956449600209
Andrew Wiggins,26,2018,PO,0.5141485373993603,0.1228421576020044,0.511204176030336,4,1,1.1481948710317007
Andrew Wiggins,26,2022,PO,0.6502745021244087,0.6008184991314212,0.7042744605358398,10,2,1.9553674617916696
Anfernee Simons,22,2019,PO,0.31290993524868604,0.11960943089565564,0.29655603256249036,1,1,0.729075398706832
Anfernee Simons,22,2020,PO,0.6643554284232693,0.18867901886803376,0.6593116685158925,3,2,1.5123461158071956
Anfernee Simons,22,2021,PO,0.49787464858022457,0.11784672714750925,0.37954670683950203,5,3,0.9952680825672358
Anthony Davis,28,2015,PO,0.6328111486545682,0.22157718178613375,0.762313274317035,2,1,1.616701604757737
Anthony Davis,28,2018,PO,0.6347138903850036,0.32668168016065985,0.7213025899179343,6,2,1.6826981604635978
Anthony Davis,28,2020,PO,0.7546554882981091,1.0,0.7467531321036991,9,3,2.5014086204018082
Anthony Davis,28,2021,PO,0.5871287474789353,0.17573755227408783,0.5763269620642256,11,4,1.3391932618172486
Anthony Edwards,20,2022,PO,0.6003690499210574,0.21511066418587982,0.6808196689430872,2,1,1.4962993830500244
Austin Rivers,29,2015,PO,0.5035938999162467,0.10475308607512482,0.46888170321923517,2,1,1.0772286892106067
Austin Rivers,29,2016,PO,0.5134749757823206,0.12351058465420951,0.41551457765278355,5,2,1.0525001380893135
Austin Rivers,29,2017,PO,0.47110879746367357,0.10782420261474955,0.48041092831822835,7,3,1.0593439283966515
Austin Rivers,29,2019,PO,0.5537369557330651,0.161541010990149,0.5879064189150331,10,4,1.3031843856382472
Austin Rivers,29,2020,PO,0.5309125387023157,0.13740527644238856,0.5348849257666667,13,5,1.203202740911371
Austin Rivers,29,2021,PO,0.45396231156641104,0.024238474969532936,0.3827537929267127,15,6,0.8609545794626567
Austin Rivers,29,2022,PO,0.633873130980462,0.19011807452830853,0.6820016961815641,18,7,1.5059929016903348
Avery Bradley,31,2015,PO,0.5885486992663819,0.17339777213408547,0.5705175554792629,2,1,1.3324640268797303
Avery Bradley,31,2016,PO,0.6331666755510642,0.14970013046006247,0.6132790134852092,4,2,1.3961458194963359
Avery Bradley,31,2017,PO,0.5098960557965674,0.08154560704134581,0.4838827902933376,6,3,1.075324453131251
Ayo Dosunmu,22,2022,PO,0.5006474000768635,0.12154776136526778,0.4240228807461266,1,1,1.0462180421882579
Bam Adebayo,24,2018,PO,0.4609245934757692,0.10748036664519009,0.43026660611054524,1,1,0.9986715662315045
Bam Adebayo,24,2020,PO,0.6278663664076861,0.4750136797040345,0.6924491147791743,4,2,1.7953291608908948
Bam Adebayo,24,2021,PO,0.5329021012537593,0.1370064894546159,0.5296939430982495,6,3,1.1996025338066247
Bam Adebayo,24,2022,PO,0.6285774365265673,0.43686044833461557,0.63160681489481,8,4,1.6970446997559927
Ben McLemore,28,2020,PO,0.6197857718116573,0.1920294739384735,0.6133972159146018,7,1,1.4252124616647326
Ben McLemore,28,2021,PO,0.4584293102736924,0.12033692666031431,0.40574218191921363,9,2,0.9845084188532204
Bobby Portis,26,2017,PO,0.5854519989008377,0.1675389618156925,0.5201533852750678,2,1,1.2731443459915979
Bobby Portis,26,2021,PO,0.6171368143405562,0.29670515651489227,0.609381803675545,8,2,1.5232237745309933
Bobby Portis,26,2022,PO,0.6185194289554639,0.26798795108760937,0.5781152973387893,10,3,1.4646226773818625
Bones Hyland,21,2022,PO,0.502366784692786,0.1222039132644665,0.5466345020900262,1,1,1.1712052000472788
Bradley Beal,28,2014,PO,0.6527310361451985,0.41542263237197585,0.7413630227602703,1,1,1.8095166912774445
Bradley Beal,28,2015,PO,0.6310329793478968,0.34509068163406736,0.6373857231981902,3,2,1.6135093841801544
Bradley Beal,28,2017,PO,0.6626847282186039,0.471639508386777,0.665340364321493,6,3,1.799664600926874
Bradley Beal,28,2018,PO,0.4890868035959849,0.09259625269194272,0.5194868353890578,8,4,1.1011698916769854
Bradley Beal,28,2021,PO,0.6265142246840414,0.23020837972413033,0.6421610638049154,12,5,1.4988836682130873
Brandon Clarke,25,2021,PO,0.6635027706289693,0.13820254251160327,0.6169136595349402,2,1,1.4186189726755127
Brandon Clarke,25,2022,PO,0.6204915047937091,0.2705998582347602,0.5860084722966328,4,2,1.477099835325102
Brandon Ingram,24,2022,PO,0.6423557122883341,0.2674113393153862,0.6336319715691602,6,1,1.5433990231728805
Bruce Brown,25,2019,PO,0.5318418335512041,0.13391425631174197,0.5295655774962957,1,1,1.1953216673592417
Bruce Brown,25,2021,PO,0.5687296847788923,0.1898368192681191,0.5729215904943362,4,2,1.3314880945413476
Bruce Brown,25,2022,PO,0.5410002357839047,0.14244271739327294,0.6006339777345162,6,3,1.2840769309116937
CJ Elleby,21,2021,PO,0.32225222182871605,0.1239755401981584,0.19067904546898023,1,1,0.6369068074958546
Caleb Martin,26,2022,PO,0.5535232030706636,0.16079331830141494,0.5251527772982206,3,1,1.2394692986702993
Cam Thomas,20,2022,PO,1.0,0.13226038144008684,0.8295014539827037,1,1,1.9617618354227906
Cameron Johnson,25,2021,PO,0.5755269299372735,0.24027702121062783,0.5649356167275764,2,1,1.380739567875478
Cameron Johnson,25,2022,PO,0.5910350001504138,0.2357643921188069,0.5412601971794749,4,2,1.3680595894486958
Cameron Payne,27,2016,PO,0.36581684815938964,0.08125764960604451,0.4170976824537713,1,1,0.8641721802192055
Cameron Payne,27,2017,PO,0.5582083635653755,0.13293767076369717,0.5061421795898114,3,2,1.1972882139188843
Cameron Payne,27,2021,PO,0.6274845705548621,0.3390722734854015,0.6317447070390648,10,3,1.5983015510793284
Cameron Payne,27,2022,PO,0.4597598028942688,0.0760494504688329,0.4032911136603744,12,4,0.9391003670234761
Carmelo Anthony,37,2018,PO,0.5237444179726347,0.1301300235200828,0.5569608899843576,5,1,1.210835331477075
Carmelo Anthony,37,2020,PO,0.47064969778288485,0.08452919918058865,0.47080935835206716,8,2,1.0259882553155406
Carmelo Anthony,37,2021,PO,0.4916972073440292,0.10839254625751185,0.35800648674716284,10,3,0.9580962403487039
Cedi Osman,26,2018,PO,0.5642234252371852,0.1438607569643153,0.5505663712941151,1,1,1.2586505534956156
Chris Boucher,29,2019,PO,0.3591779257819844,0.1289228123988236,0.3617100673124687,2,1,0.8498108054932767
Chris Boucher,29,2020,PO,0.5345774967193591,0.13410246331902714,0.46699383451170595,4,2,1.135673794550092
Chris Boucher,29,2022,PO,0.6334969743841791,0.2014730446623194,0.5834167185691304,7,3,1.418386737615629
Chris Paul,36,2014,PO,0.7657609979551611,0.6887218425885766,0.8248869145230168,1,1,2.2793697550667544
Chris Paul,36,2015,PO,0.7344749868520974,0.5796609670824331,0.7682694606908351,3,2,2.0824054146253657
Chris Paul,36,2016,PO,0.7834175353433018,0.2897673966987113,0.7166541136091251,5,3,1.7898390456511384
Chris Paul,36,2017,PO,0.7232660866697893,0.3831965025407081,0.7640359781073662,7,4,1.8704985673178636
Chris Paul,36,2018,PO,0.691843726138269,0.5550575860168836,0.7602420898017699,9,5,2.0071434019569225
Chris Paul,36,2019,PO,0.6522279759216753,0.37830224834907505,0.7434389364553453,11,6,1.7739691607260957
Chris Paul,36,2020,PO,0.5066389082327769,0.10742042044099687,0.43735890781580145,13,7,1.0514182364895752
Chris Paul,36,2021,PO,0.6139936971792156,0.4244958572014922,0.621358012080396,15,8,1.6598475664611039
Chris Paul,36,2022,PO,0.6561732402877719,0.4180208052551926,0.6517243769516003,17,9,1.7259184224945647
Clint Capela,27,2015,PO,0.5615634668353849,0.15447759000627234,0.5361947304021567,1,1,1.252235787243814
Clint Capela,27,2016,PO,0.6153705679407127,0.15141861420785302,0.5979264106159419,3,2,1.3647155927645076
Clint Capela,27,2017,PO,0.6057115429124512,0.24348076890849102,0.6402045961320283,5,3,1.4893969079529705
Clint Capela,27,2018,PO,0.6659368244905484,0.48847373157749413,0.7108005123324949,7,4,1.8652110684005372
Clint Capela,27,2019,PO,0.5650564145156858,0.19518460078298364,0.5992985268860592,9,5,1.3595395421847285
Clint Capela,27,2021,PO,0.6361565288229163,0.43974418685710126,0.7037929281674247,12,6,1.7796936438474422
Clint Capela,27,2022,PO,0.5353134315566619,0.1340603540590193,0.5179664852964814,14,7,1.1873402709121625
Coby White,21,2022,PO,0.5043593606119007,0.12182539088598157,0.4116189037875503,3,1,1.0378036552854324
Cory Joseph,30,2014,PO,0.6670465568603543,0.19146999874180867,0.6539806866512857,1,1,1.5124972422534486
Cory Joseph,30,2015,PO,0.28238977935246684,0.10632319074377185,0.24119935877662163,3,2,0.6299123288728603
Cory Joseph,30,2016,PO,0.543342863705085,0.17019181997164196,0.5322043659468033,5,3,1.24573904962353
Cory Joseph,30,2017,PO,0.5370893651127128,0.14383162283065903,0.5067530118213738,7,4,1.1876739997647454
Cory Joseph,30,2018,PO,0.6491574126819629,0.21607786695352468,0.6162063520001011,9,5,1.4814416316355887
Cory Joseph,30,2019,PO,0.4756110594588532,0.11190008616748606,0.49284897009053336,11,6,1.0803601157168725
D'Angelo Russell,25,2019,PO,0.4256347673782317,0.05818489655758066,0.34810722128817434,4,1,0.8319268852239867
D'Angelo Russell,25,2022,PO,0.558401843392757,0.1635467908064126,0.6138182812999884,9,2,1.335766915499158
Damian Jones,26,2017,PO,0.5651097290570163,0.1363184026320257,0.6254435776017733,1,1,1.326871709290815
Damian Jones,26,2018,PO,0.0,0.10193789431316935,0.0,3,2,0.10193789431316935
Damian Jones,26,2019,PO,0.3561381790418888,0.12541308794169073,0.21397432506895897,5,3,0.6955255920525385
Damian Lillard,31,2014,PO,0.6708282878889714,0.4601901129582731,0.6991747183313328,1,1,1.8301931191785774
Damian Lillard,31,2015,PO,0.535136583396441,0.14152170447684842,0.5385036855482661,3,2,1.2151619734215555
Damian Lillard,31,2016,PO,0.5880364228540028,0.26819444992929,0.6344555333471392,5,3,1.4906864061304321
Damian Lillard,31,2017,PO,0.4209950399479753,0.05178299868781597,0.4846133865337641,7,4,0.9573914251695554
Damian Lillard,31,2018,PO,0.446366757876604,0.06896893800861213,0.42634547530697786,9,5,0.941681171192194
Damian Lillard,31,2019,PO,0.5978383561528843,0.36596497196420275,0.6268950285142051,11,6,1.5906983566312922
Damian Lillard,31,2020,PO,0.6004957174957293,0.18496439233344525,0.6021353259046739,13,7,1.3875954357338482
Damian Lillard,31,2021,PO,0.8914134600171739,0.5895959694551636,0.8853599321127867,15,8,2.3663693615851242
Damion Lee,29,2022,PO,0.5127527380630555,0.12420637321635428,0.49598703671435507,5,1,1.1329461479937648
Daniel Gafford,23,2021,PO,0.7497184021140108,0.26035750395599877,0.7893096525122633,2,1,1.799385558582273
Danilo Gallinari,33,2019,PO,0.5565823049323485,0.16255119748881186,0.5951590775148131,5,1,1.3142925799359735
Danilo Gallinari,33,2020,PO,0.5343129267335791,0.14112670647228265,0.4441129763925318,7,2,1.1195526095983936
Danilo Gallinari,33,2021,PO,0.5709773922617688,0.2297885307911559,0.6039753783666308,9,3,1.4047413014195556
Danilo Gallinari,33,2022,PO,0.49082684587785974,0.11307784575976083,0.4254161933381098,11,4,1.0293208849757305
Danny Green,34,2014,PO,0.6638576691370018,0.49389401136955796,0.6920448819941436,1,1,1.8497965625007033
Danny Green,34,2015,PO,0.6849212805482785,0.2909979377554033,0.7376015493063233,3,2,1.713520767610005
Danny Green,34,2016,PO,0.7589077396847731,0.4375757838947806,0.8147421188771852,5,3,2.011225642456739
Danny Green,34,2017,PO,0.5467834702619268,0.17684336636270087,0.558273130513483,7,4,1.2818999671381106
Danny Green,34,2018,PO,0.5012980213781559,0.11991696283138856,0.5311055126610518,9,5,1.1523204968705962
Danny Green,34,2019,PO,0.5835755945662238,0.3275426350153975,0.6274581734645106,11,6,1.538576403046132
Danny Green,34,2020,PO,0.6293326379663392,0.396158112441306,0.6120823392360247,13,7,1.63757308964367
Danny Green,34,2021,PO,0.6409632691631321,0.24521813261088313,0.6427457370456502,15,8,1.5289271388196655
Danny Green,34,2022,PO,0.5968550802842454,0.24366002976073553,0.6000570181516596,17,9,1.4405721281966404
Darius Bazley,21,2020,PO,0.6322971679307214,0.19700712939241877,0.5091276948898381,1,1,1.3384319922129784
De'Andre Hunter,24,2021,PO,0.5771033844338438,0.17053730240550016,0.6093753220070967,2,1,1.3570160088464407
De'Andre Hunter,24,2022,PO,0.5243161284183486,0.13086038601765948,0.5197364926536204,4,2,1.1749130070896285
De'Anthony Melton,23,2021,PO,0.6153856731854622,0.16890170749291325,0.6774921057954821,3,1,1.4617794864738576
De'Anthony Melton,23,2022,PO,0.5099750531153007,0.11875218930978712,0.5246190910297083,5,2,1.1533463334547962
DeMar DeRozan,32,2014,PO,0.5533446352178386,0.1697031218753397,0.4594795163127827,1,1,1.182527273405961
DeMar DeRozan,32,2015,PO,0.5443611447873846,0.1465453380729794,0.4993756273992061,3,2,1.1902821102595702
DeMar DeRozan,32,2016,PO,0.49695246591950193,0.025448196368650394,0.4631741675881109,5,3,0.9855748298762632
DeMar DeRozan,32,2017,PO,0.5398087447888055,0.15748168354166173,0.4792487876745307,7,4,1.176539216004998
DeMar DeRozan,32,2018,PO,0.47033592843717026,0.03381848672131907,0.38824157758523153,9,5,0.8923959927437208
DeMar DeRozan,32,2019,PO,0.5811103080402817,0.19942332757385595,0.5419263184812241,11,6,1.3224599540953617
DeMar DeRozan,32,2022,PO,0.5222924205476885,0.12859927172364383,0.483643971970599,15,7,1.1345356642419313
Deandre Ayton,23,2021,PO,0.618040846837865,0.49329377284839526,0.6334502838470816,3,1,1.744784903533342
Deandre Ayton,23,2022,PO,0.610068486135264,0.29513571878544964,0.5687576947413202,5,2,1.4739618996620338
Dejounte Murray,25,2017,PO,0.663985274158396,0.2470443403814333,0.7171830629425827,1,1,1.628212677482412
Dejounte Murray,25,2018,PO,0.6238760197924588,0.17810842710985866,0.6687710909439109,3,2,1.4707555378462283
Delon Wright,29,2016,PO,0.669634753611194,0.16120210828764647,0.6455712444317427,1,1,1.4764081063305832
Delon Wright,29,2017,PO,0.6371029208536163,0.182074088519129,0.5604563966896006,3,2,1.3796334060623459
Delon Wright,29,2018,PO,0.643415765438828,0.2541804298597713,0.5968504446224079,5,3,1.4944466399210072
Delon Wright,29,2020,PO,0.5408970747391476,0.13623798823519917,0.5511790135124122,9,4,1.2283140764867588
Delon Wright,29,2022,PO,0.7097935865022403,0.25440232474105107,0.7019287894195521,13,5,1.6661247006628435
Desmond Bane,23,2021,PO,0.5962054697433664,0.1670145667371926,0.6244850788403287,1,1,1.3877051153208877
Desmond Bane,23,2022,PO,0.6909416067853581,0.47922437267272716,0.7117160989153848,3,2,1.88188207837347
Devin Booker,25,2021,PO,0.646951852996656,0.6643521107178054,0.6807040777155636,6,1,1.992008041430025
Devin Booker,25,2022,PO,0.5616627451262632,0.1971806186156574,0.5130464195551725,8,2,1.2718897832970932
Devonte' Graham,26,2022,PO,0.5854673380196707,0.14946757029952593,0.5772261642057607,4,1,1.3121610725249573
Dewayne Dedmon,32,2017,PO,0.5204389928929763,0.12960300949970283,0.509635975372571,6,1,1.1596779777652502
Dewayne Dedmon,32,2021,PO,0.39322034454248983,0.09513967852639701,0.3153805962563349,12,2,0.8037406193252217
Dewayne Dedmon,32,2022,PO,0.5042242239037215,0.11739592612235267,0.4824270562854671,14,3,1.1040472063115412
Donovan Mitchell,25,2018,PO,0.5855217012218671,0.2526858134163682,0.5987619460329425,1,1,1.4369694606711778
Donovan Mitchell,25,2019,PO,0.4494758138012517,0.05938952306582383,0.39163373799537615,3,2,0.9004990748624516
Donovan Mitchell,25,2020,PO,0.7374089506569933,0.40395547244491936,0.6561894093977709,5,3,1.7975538324996836
Donovan Mitchell,25,2021,PO,0.7055039542855966,0.43881656687622783,0.6967244590235553,7,4,1.8410449801853797
Donovan Mitchell,25,2022,PO,0.5520472782142875,0.16199495324439656,0.48489360199561965,9,5,1.1989358334543037
Dorian Finney-Smith,28,2020,PO,0.5968550059103124,0.19905219042504418,0.6435539445758955,4,1,1.439461140911252
Dorian Finney-Smith,28,2021,PO,0.6673331746131174,0.3236487599886443,0.7252620446275473,6,2,1.716243979229309
Dorian Finney-Smith,28,2022,PO,0.6362296772675927,0.5008137658296792,0.6768059545574401,8,3,1.813849397654712
Doug McDermott,30,2015,PO,0.6665333064744656,0.13924060760754706,0.49026424023288484,1,1,1.2960381543148976
Doug McDermott,30,2017,PO,0.4978617398331506,0.12314561051787902,0.39719068780331845,4,2,1.018198038154348
Doug McDermott,30,2019,PO,0.5623954368333455,0.13743410807761358,0.5391390505742121,9,3,1.2389685954851712
Doug McDermott,30,2020,PO,0.36467180303268654,0.09004785572616941,0.25211617296838035,11,4,0.7068358317272363
Draymond Green,31,2014,PO,0.7290129930575172,0.36649198556397844,0.7888979978033135,1,1,1.8844029764248091
Draymond Green,31,2015,PO,0.7165307969893338,0.8824034330554473,0.7607842002497479,3,2,2.359718430294529
Draymond Green,31,2016,PO,0.7072765386644806,0.9248288134560003,0.7635537699737313,5,3,2.3956591220942123
Draymond Green,31,2017,PO,0.712198455475552,0.6843493863640202,0.789364783652343,7,4,2.1859126254919152
Draymond Green,31,2018,PO,0.6875468083400234,0.7859913180074902,0.7635926432406869,9,5,2.2371307695882003
Draymond Green,31,2019,PO,0.6770651884451866,0.7814031931766721,0.7240657851742429,11,6,2.182534166796102
Draymond Green,31,2022,PO,0.6373669016355984,0.521813097593097,0.6877320801978816,15,7,1.846912079426577
Duncan Robinson,27,2020,PO,0.5951782551155295,0.336952688777182,0.6434994797240431,2,1,1.5756304236167544
Duncan Robinson,27,2021,PO,0.6183957058190178,0.17821737468256071,0.6340527812509754,4,2,1.430665861752554
Duncan Robinson,27,2022,PO,0.5628893567157929,0.16121038763299528,0.5516119279415552,6,3,1.2757116722903434
Dwight Powell,30,2015,PO,0.6323630019636545,0.13385948508822973,0.4977170367668258,1,1,1.26393952381871
Dwight Powell,30,2016,PO,0.555371235647398,0.14134654734876437,0.5001734911556658,4,2,1.1968912741518283
Dwight Powell,30,2021,PO,0.6658402716945566,0.16762472058621247,0.6564908243993192,10,3,1.4899558166800881
Dwight Powell,30,2022,PO,0.5937724026417763,0.21533321584814877,0.5942787964465748,12,4,1.4033844149364998
Eric Bledsoe,32,2018,PO,0.6332788499469537,0.24890835655891375,0.6912284462122136,5,1,1.5734156527180811
Eric Bledsoe,32,2019,PO,0.6191124138102796,0.32877518109247145,0.6554729806095468,8,2,1.6033605755122977
Eric Bledsoe,32,2020,PO,0.6232480311768074,0.2609064214082857,0.5840216203446882,10,3,1.4681760729297813
Eric Gordon,33,2015,PO,0.46716199595339003,0.09087409328375398,0.5401460381292295,2,1,1.0981821273663734
Eric Gordon,33,2017,PO,0.5964623538841698,0.2574212051085345,0.6070032780055993,5,2,1.4608868369983035
Eric Gordon,33,2018,PO,0.4911661095274548,0.03679143563481514,0.4915886071328377,7,3,1.0195461522951077
Eric Gordon,33,2019,PO,0.5186155207005464,0.11745886392363276,0.5533357085012763,9,4,1.1894100931254554
Eric Gordon,33,2020,PO,0.5208713231003329,0.12187482225474283,0.5231500139575319,11,5,1.1658961593126076
Evan Fournier,29,2019,PO,0.462530419328505,0.0779397839103098,0.48893301119361154,6,1,1.0294032144324263
Evan Fournier,29,2020,PO,0.5506896095541798,0.15333960427994592,0.648059563762078,8,2,1.3520887775962036
Evan Fournier,29,2021,PO,0.510210828577534,0.11938069293073948,0.5153996563528496,10,3,1.144991177861123
Facundo Campazzo,30,2021,PO,0.5789122178682437,0.20386648804290208,0.5887115311855677,1,1,1.3714902370967135
Facundo Campazzo,30,2022,PO,0.19588379282130303,0.11044496197264063,0.1936970591037565,3,2,0.5000258138977002
Fred VanVleet,27,2017,PO,0.7539385618892658,0.16455254164959845,0.6369986253352208,1,1,1.555489728874085
Fred VanVleet,27,2018,PO,0.5652330309166665,0.15387669222559852,0.48248300481361095,3,2,1.201592727955876
Fred VanVleet,27,2019,PO,0.5663541138013849,0.2481743613725176,0.5767184531743653,5,3,1.3912469283482678
Fred VanVleet,27,2020,PO,0.6089079310281862,0.3061760487742442,0.6533810863022464,7,4,1.5684650661046768
Fred VanVleet,27,2022,PO,0.5750803926850978,0.16557952083462207,0.5880206444240942,10,5,1.3286805579438141
Furkan Korkmaz,24,2018,PO,0.874627447054058,0.13581113163417363,0.9999999999999999,1,1,2.0104385786882317
Furkan Korkmaz,24,2019,PO,0.4978406434260718,0.12721301034302063,0.531485709946855,3,2,1.1565393637159476
Furkan Korkmaz,24,2020,PO,0.662610108215939,0.15906327761441771,0.6450322907790551,5,3,1.4667056766094118
Furkan Korkmaz,24,2021,PO,0.5836875213094581,0.18803151690929304,0.5327540217604771,7,4,1.3044730599792282
Furkan Korkmaz,24,2022,PO,0.5482706315109401,0.13898699821399774,0.5154126278828639,9,5,1.2026702576078017
Gabe Vincent,25,2020,PO,0.8165844179673558,0.13226038144008684,0.6664737003963995,1,1,1.6153184998038421
Gabe Vincent,25,2021,PO,0.5318616464343185,0.13266867048218484,0.41742960748929975,3,2,1.0819599244058031
Gabe Vincent,25,2022,PO,0.6216147486842343,0.3320139322311666,0.6110743517126334,5,3,1.5647030326280342
Garrett Temple,35,2014,PO,0.41237215629774737,0.12673254192935612,0.2691552701022109,1,1,0.8082599683293143
Garrett Temple,35,2015,PO,0.38176475425820244,0.11357866999565484,0.3295841823488165,3,2,0.8249276066026738
Garrett Temple,35,2019,PO,0.5680127578754782,0.14538739709246007,0.5762812500305258,8,3,1.289681404998464
Garrett Temple,35,2020,PO,0.5397406187151965,0.1415824516690939,0.5943551083366364,11,4,1.2756781787209268
Garrett Temple,35,2022,PO,0.3503230024307894,0.13046274169406383,0.24152485094739895,14,5,0.7223105950722521
Garrison Mathews,25,2021,PO,0.5874856371947582,0.13742705545376152,0.5586950705339764,2,1,1.2836077631824963
Gary Harris,27,2019,PO,0.5844273369457544,0.27995399920011815,0.5554997424483147,5,1,1.4198810785941873
Gary Harris,27,2020,PO,0.5508815476350748,0.1789474670061881,0.5874925270041739,7,2,1.3173215416454367
Gary Payton II,29,2022,PO,0.7338530262684935,0.3396628305983127,0.7769151177181641,7,1,1.8504309745849703
Gary Trent Jr.,23,2020,PO,0.5379154651495993,0.14145694045956744,0.5219088250241762,2,1,1.201281230633343
Gary Trent Jr.,23,2022,PO,0.5452366586104997,0.15122436357426955,0.5053058952764427,6,2,1.201766917461212
George Hill,35,2014,PO,0.5995739407703695,0.37677519070112764,0.5981428595613438,1,1,1.574491991032841
George Hill,35,2016,PO,0.6926804208620969,0.32319191393522106,0.6941052488176774,4,2,1.7099775836149953
George Hill,35,2017,PO,0.5621351979053939,0.18108516566750027,0.6321677720850183,6,3,1.3753881356579125
George Hill,35,2018,PO,0.5837261935588562,0.28952357957471436,0.61680970204099,8,4,1.4900594751745606
George Hill,35,2019,PO,0.6500005801841185,0.3684494675730605,0.691838199807297,11,5,1.7102882475644763
George Hill,35,2020,PO,0.5575999527161796,0.1739614644887986,0.4996136720455511,14,6,1.2311750892505293
George Hill,35,2021,PO,0.6364002912383233,0.2439126325015591,0.6009446047800754,16,7,1.4812575285199578
George Hill,35,2022,PO,0.583531798084307,0.15363764673703964,0.57519208972169,19,8,1.3123615345430366
Georges Niang,28,2019,PO,0.6592035579034097,0.16864740973522813,0.5671431299366192,3,1,1.394994097575257
Georges Niang,28,2020,PO,0.5968150588627915,0.17162127911956562,0.48508985883169975,5,2,1.253526196814057
Georges Niang,28,2021,PO,0.4700422090637517,0.09629260942136639,0.4228799050029739,7,3,0.989214723488092
Georges Niang,28,2022,PO,0.5548177719398228,0.16049585320356016,0.5069058848797771,9,4,1.22221951002316
Giannis Antetokounmpo,27,2015,PO,0.5308664088200667,0.1370931184771049,0.5172782863642917,2,1,1.1852378136614634
Giannis Antetokounmpo,27,2017,PO,0.6734135612776269,0.305400275776625,0.6533063268106293,5,2,1.6321201638648812
Giannis Antetokounmpo,27,2018,PO,0.6386235798959288,0.28901626006717407,0.687609340772619,7,3,1.6152491807357219
Giannis Antetokounmpo,27,2019,PO,0.6732863116844059,0.5104295768130673,0.7336373344896019,9,4,1.9173532229870751
Giannis Antetokounmpo,27,2020,PO,0.6390943352816102,0.2890515171038657,0.5722850691588794,11,5,1.5004309215443552
Giannis Antetokounmpo,27,2021,PO,0.6660368870184966,0.6857905249701839,0.6975144743207374,13,6,2.049341886309418
Giannis Antetokounmpo,27,2022,PO,0.7126692713122824,0.5492392672694529,0.7087323979002844,15,7,1.9706409364820197
Gordon Hayward,31,2017,PO,0.6018441746131349,0.28818650815811675,0.6602177962065101,4,1,1.5502484789777617
Gordon Hayward,31,2019,PO,0.5372757803716859,0.14694489807484182,0.5167017960588637,7,2,1.2009224745053912
Gordon Hayward,31,2020,PO,0.5328702997719782,0.13766971255353844,0.5391530826814567,9,3,1.2096930950069733
Grant Williams,23,2020,PO,0.5978890972897686,0.19236822783070728,0.5777168259262877,1,1,1.3679741510467636
Grant Williams,23,2021,PO,0.6971854228103513,0.17994815044856982,0.6293543959412682,3,2,1.5064879692001893
Grant Williams,23,2022,PO,0.5711500122642363,0.2772307081770898,0.5951258038475495,5,3,1.4435065242888756
Grayson Allen,26,2019,PO,0.3320511937881251,0.11876496372687854,0.22427506284107568,1,1,0.6750912203560793
Grayson Allen,26,2021,PO,0.4810565020989045,0.10655734923650517,0.5358759865432088,4,2,1.1234898378786184
Grayson Allen,26,2022,PO,0.5497436336348538,0.16821775063682953,0.5221832877518192,6,3,1.2401446720235025
Hamidou Diallo,23,2020,PO,0.4147468977214247,0.11862887360478742,0.2922913379727791,2,1,0.8256671092989913
Harrison Barnes,29,2014,PO,0.5901095625091313,0.18227834122548128,0.5300646871968842,1,1,1.3024525909314968
Harrison Barnes,29,2015,PO,0.5574232433796613,0.23752904711487638,0.5374766555886716,3,2,1.3324289460832093
Harrison Barnes,29,2016,PO,0.531527367183551,0.1525272327525061,0.5204356053879851,5,3,1.204490205324042
Hassan Whiteside,32,2016,PO,0.6729922812052932,0.3407824815388956,0.7086886283921809,2,1,1.7224633911363698
Hassan Whiteside,32,2018,PO,0.4242992948688252,0.09312153578569962,0.41734926004456296,5,2,0.9347700906990878
Hassan Whiteside,32,2020,PO,0.5278718132189836,0.13327836742397817,0.5428894465381531,8,3,1.204039627181115
Hassan Whiteside,32,2022,PO,0.6009805281943444,0.15606125897243744,0.5816082845811913,11,4,1.3386500717479732
Herbert Jones,23,2022,PO,0.6164735276503462,0.23322932442064656,0.6474194203483805,1,1,1.4971222724193733
Immanuel Quickley,22,2021,PO,0.46868102857373695,0.11023903287698793,0.40425603548744493,1,1,0.9831760969381698
Isaiah Hartenstein,23,2019,PO,0.5294474576188697,0.13229643815862396,0.5843209101788264,1,1,1.24606480595632
Ivica Zubac,24,2019,PO,0.6000762771476288,0.1465803170632684,0.5738830638118274,3,1,1.3205396580227244
Ivica Zubac,24,2020,PO,0.6336792487472377,0.30096530191949744,0.6099911627066195,6,2,1.5446357133733546
Ivica Zubac,24,2021,PO,0.5790049692966712,0.21031006065266505,0.569260173900835,8,3,1.3585752038501715
Ja Morant,22,2021,PO,0.4834961305831392,0.09014316117506649,0.5242770155427797,2,1,1.0979163073009854
Ja Morant,22,2022,PO,0.6990821729815104,0.4212545688430101,0.7210172584191441,4,2,1.8413540002436646
JaMychal Green,31,2015,PO,0.7521669790564901,0.14133069098975856,0.8139301578605547,1,1,1.7074278279068034
JaMychal Green,31,2016,PO,0.4781191268742975,0.11524808899777297,0.564545516874167,4,2,1.1579127327462375
JaMychal Green,31,2017,PO,0.5139176595446162,0.1253877333576784,0.5304909484127315,6,3,1.169796341315026
JaMychal Green,31,2019,PO,0.4890761270400458,0.10668275773227547,0.4759903753628958,9,4,1.071749260135217
JaMychal Green,31,2020,PO,0.5089029782013674,0.11371638486079784,0.43389835702314106,12,5,1.0565177200853064
JaMychal Green,31,2021,PO,0.6182808003200928,0.2166196204017345,0.544886898013476,14,6,1.3797873187353034
JaMychal Green,31,2022,PO,0.5574322062140212,0.14278584214468562,0.539130733878493,16,7,1.2393487822371998
JaVale McGee,34,2016,PO,0.46666828859067666,0.12791867881568778,0.40887272829588983,4,1,1.0034596957022544
JaVale McGee,34,2017,PO,0.6427950175529893,0.21894263309328235,0.6410278978132911,6,2,1.5027655484595628
JaVale McGee,34,2018,PO,0.6144387259899678,0.20137880470275749,0.6253817821115013,8,3,1.4411993128042266
JaVale McGee,34,2020,PO,0.564355450099081,0.15798152946935373,0.5070598998112543,11,4,1.229396879379689
JaVale McGee,34,2021,PO,0.6968367877636822,0.1614477761269543,0.680376043682417,13,5,1.5386606075730533
JaVale McGee,34,2022,PO,0.5489087342023696,0.14737054969263108,0.5202431842204306,16,6,1.2165224681154312
Jaden McDaniels,21,2022,PO,0.6545852439018757,0.21671281538142317,0.6748893951458016,2,1,1.5461874544291003
Jae Crowder,31,2014,PO,0.6778149937153105,0.19248770690598255,0.7075908156557371,1,1,1.5778935162770302
Jae Crowder,31,2015,PO,0.5904138485356976,0.1641880701353272,0.5533203261156614,3,2,1.307922244786686
Jae Crowder,31,2016,PO,0.5536222372355336,0.15906855419607063,0.5595758595557685,6,3,1.2722666509873728
Jae Crowder,31,2017,PO,0.6053073830259104,0.3657282275807981,0.5925743731979735,8,4,1.5636099838046817
Jae Crowder,31,2018,PO,0.5106754598478823,0.10769832586210835,0.528396136895888,10,5,1.1467699226058787
Jae Crowder,31,2019,PO,0.5860728604522096,0.1704701764143023,0.5404381037271769,13,6,1.2969811405936889
Jae Crowder,31,2020,PO,0.5786257515451786,0.3025863906168271,0.6455536553470681,15,7,1.5267657975090736
Jae Crowder,31,2021,PO,0.6471390536924387,0.5674994561821647,0.6885805106922203,18,8,1.9032190205668236
Jae Crowder,31,2022,PO,0.5485469637223332,0.17570717846378028,0.53486388892566,20,9,1.2591180311117736
Jakob Poeltl,26,2017,PO,0.6980264091811822,0.15408790705362962,0.6485560080363003,1,1,1.5006703242711121
Jakob Poeltl,26,2018,PO,0.533097869230487,0.13718712829018215,0.47070715731349394,3,2,1.140992154834163
Jakob Poeltl,26,2019,PO,0.596539879904923,0.1933583740732817,0.617973482011082,5,3,1.4078717359892867
Jalen Brunson,25,2021,PO,0.4937607990441538,0.11472154052703727,0.39203548360186524,3,1,1.0005178231730563
Jalen Brunson,25,2022,PO,0.6217636147694585,0.4252546438503335,0.6694476982543777,5,2,1.7164659568741696
James Johnson,34,2014,PO,0.553462098507485,0.1361380028123701,0.5182664172433746,1,1,1.2078665185632298
James Johnson,34,2015,PO,0.2430495365331094,0.115486658523149,0.10044788436465846,3,2,0.45898407942091685
James Johnson,34,2016,PO,0.4525104977322257,0.09676107665512923,0.40844891477011547,5,3,0.9577204891574703
James Johnson,34,2018,PO,0.5659679170486771,0.16411251377219738,0.5594351705330176,8,4,1.2895156013538922
Jaren Jackson Jr.,22,2021,PO,0.5412274905253884,0.14263654785249222,0.6253714131018551,3,1,1.3092354514797357
Jaren Jackson Jr.,22,2022,PO,0.6380340076177229,0.3174269302890434,0.6314438317049955,5,2,1.5869047696117617
Jarred Vanderbilt,22,2019,PO,0.8022117478856956,0.13885041698559428,0.6435816226290799,1,1,1.5846437875003698
Jarred Vanderbilt,22,2022,PO,0.5596811356592686,0.15375437931910554,0.5945853085842336,6,2,1.3080208235626078
Jarrett Allen,23,2019,PO,0.4299748886813104,0.07923650395874152,0.36051463550047524,2,1,0.8697260281405271
Jarrett Allen,23,2020,PO,0.6784708146856785,0.22866036655041827,0.7029832822004585,4,2,1.6101144634365552
Javonte Green,28,2020,PO,0.5727762619030597,0.13365586318841596,0.4152222054560521,1,1,1.1216543305475277
Javonte Green,28,2022,PO,0.6163292521393786,0.16517325142334113,0.6554155049957872,5,2,1.436918008558507
Jaxson Hayes,21,2022,PO,0.4329592892251915,0.09417826678233196,0.39813564126852374,3,1,0.9252731972760472
Jaylen Brown,25,2017,PO,0.5090708044542999,0.11428904292667577,0.439389966052166,1,1,1.0627498134331417
Jaylen Brown,25,2018,PO,0.6097640848448594,0.3735217102602774,0.564346715595152,3,2,1.5476325107002888
Jaylen Brown,25,2019,PO,0.5142353230238269,0.11632341783894094,0.526459689050654,5,3,1.1570184299134219
Jaylen Brown,25,2020,PO,0.6267423185717425,0.4654733462062389,0.6811162624622608,7,4,1.7733319272402421
Jaylen Brown,25,2022,PO,0.6070220891046784,0.49791765397194665,0.6484813836023348,10,5,1.7534211266789597
Jayson Tatum,23,2018,PO,0.5823488740524281,0.3200809012614127,0.5253728990922076,1,1,1.4278026744060486
Jayson Tatum,23,2019,PO,0.5678579538888376,0.19303466275449155,0.5975988796079806,3,2,1.3584914962513097
Jayson Tatum,23,2020,PO,0.6659175470857509,0.6076671618639873,0.6975289383388757,5,3,1.9711136472886137
Jayson Tatum,23,2021,PO,0.5997699093431297,0.19857704340973414,0.5542441705756856,7,4,1.3525911233285495
Jayson Tatum,23,2022,PO,0.6009694228473156,0.498536486796716,0.6460839078176925,9,5,1.7455898174617241
Jeff Green,35,2015,PO,0.5311908808031519,0.13989440688571297,0.5549636526566994,2,1,1.2260489403455643
Jeff Green,35,2016,PO,0.5545781118703729,0.15440727409149146,0.4757354309051408,5,2,1.1847208168670051
Jeff Green,35,2018,PO,0.5448234977627718,0.1804477211643571,0.5357153732345242,9,3,1.260986592161653
Jeff Green,35,2020,PO,0.5646753245567678,0.1967147913893978,0.569010500218244,12,4,1.3304006161644095
Jeff Green,35,2021,PO,0.6299636333597746,0.20746000798875464,0.626721770616708,15,5,1.4641454119652373
Jeff Green,35,2022,PO,0.5574985421323375,0.14949306852466146,0.5219311723550755,17,6,1.2289227830120746
Jerami Grant,27,2017,PO,0.4117175153591834,0.06992796977916538,0.29811000180752173,3,1,0.7797554869458705
Jerami Grant,27,2018,PO,0.6377815037120412,0.20559471553657055,0.6322098012686104,6,2,1.4755860205172222
Jerami Grant,27,2019,PO,0.6254699700522834,0.2181411233565031,0.572132124491694,8,3,1.4157432179004807
Jerami Grant,27,2020,PO,0.5460627527870823,0.1971218232776391,0.56763801299647,10,4,1.3108225890611913
Jimmy Butler,32,2014,PO,0.5183111194917049,0.12406214121202798,0.5289250041714608,1,1,1.1712982648751937
Jimmy Butler,32,2015,PO,0.7020393454855531,0.5644808900531019,0.7800986734609233,3,2,2.0466189089995783
Jimmy Butler,32,2017,PO,0.6066932719734704,0.2260838313708441,0.5554200971471609,6,3,1.3881972004914753
Jimmy Butler,32,2018,PO,0.7362257967793029,0.305559118928297,0.7632946760988903,8,4,1.8050795918064901
Jimmy Butler,32,2019,PO,0.7218549489716062,0.5323698396431923,0.7430674028417976,10,5,1.9972921914565962
Jimmy Butler,32,2020,PO,0.6326198483696506,0.5537257780411082,0.7101205414846424,13,6,1.8964661678954013
Jimmy Butler,32,2021,PO,0.4702647141698867,0.09075638450745324,0.4239326866896731,15,7,0.9849537853670131
Jimmy Butler,32,2022,PO,0.7472880984633452,0.8163098211636486,0.781759038350974,17,8,2.345356957977968
Joe Ingles,34,2017,PO,0.6640704270778669,0.3577962620789883,0.7586212506473937,3,1,1.780487939804249
Joe Ingles,34,2018,PO,0.6415676120725791,0.34847643593755034,0.6400970789897221,5,2,1.6301411269998516
Joe Ingles,34,2019,PO,0.5631852499384005,0.16036674117186803,0.5797222781125212,7,3,1.3032742692227897
Joe Ingles,34,2020,PO,0.6166598186506215,0.23539425382688223,0.5777238866067962,9,4,1.4297779590842998
Joe Ingles,34,2021,PO,0.5406850790751494,0.15460574356184872,0.4984135763506572,11,5,1.1937043989876552
Joel Embiid,27,2018,PO,0.6699887906617534,0.33046258471101786,0.7260894877283004,2,1,1.7265408631010717
Joel Embiid,27,2019,PO,0.8136045983662199,0.6074110837207681,0.851202015515585,4,2,2.272217697602573
Joel Embiid,27,2020,PO,0.5393906213751095,0.1419175397917978,0.6195031481399028,6,3,1.30081130930681
Joel Embiid,27,2021,PO,0.7091562371033663,0.4587713269158306,0.7014453412554438,8,4,1.8693729052746406
Joel Embiid,27,2022,PO,0.6608722446184979,0.3881844683608533,0.6886643408287917,10,5,1.737721053808143
John Collins,24,2021,PO,0.6140767428733962,0.38144880723278474,0.6761489224047811,4,1,1.671674472510962
John Collins,24,2022,PO,0.5381983468875615,0.13967755229699708,0.5107477776643978,6,2,1.1886236768489564
John Konchar,25,2021,PO,0.6600294278552576,0.13424739996110738,0.6352862740985202,2,1,1.4295631019148853
John Konchar,25,2022,PO,0.4707840793646577,0.1171112269768466,0.5137820491963055,4,2,1.1016773555378099
Jonathan Kuminga,19,2022,PO,0.4464624237544579,0.07764660330266762,0.4308399921613615,1,1,0.954949019218487
Jordan Clarkson,29,2018,PO,0.497310182225312,0.09250700201576967,0.5008842162376709,4,1,1.0907014004787525
Jordan Clarkson,29,2020,PO,0.5491493554018008,0.15506879480192043,0.4839099332414751,8,2,1.1881280834451964
Jordan Clarkson,29,2021,PO,0.5495334817706423,0.16709379133494007,0.49650016172030387,11,3,1.2131274348258863
Jordan Clarkson,29,2022,PO,0.6444214679870452,0.23097731277402977,0.5734376999508377,13,4,1.4488364807119127
Jordan Nwora,23,2021,PO,0.4954659459800365,0.1276171330706854,0.39269261587882287,1,1,1.0157756949295447
Jordan Nwora,23,2022,PO,0.3799813323735083,0.11812504763999186,0.2822372926003779,3,2,0.780343672613878
Jordan Poole,22,2022,PO,0.5820761630171939,0.30039623107901725,0.5985531202049617,3,1,1.4810255143011728
Josh Green,21,2021,PO,0.3340125932044723,0.12851481582558097,0.2449835792030392,1,1,0.7075109882330926
Josh Green,21,2022,PO,0.5191793332123843,0.12825416252415978,0.5068758976869648,3,2,1.154309393423509
Jrue Holiday,31,2015,PO,0.5585909097908239,0.14117763016488988,0.5955266022149466,2,1,1.2952951421706604
Jrue Holiday,31,2018,PO,0.6362532308209975,0.3225654100492032,0.66469499002594,6,2,1.6235136308961406
Jrue Holiday,31,2021,PO,0.6356831738275935,0.6240405153660924,0.6787835163365346,10,3,1.9385072055302204
Jrue Holiday,31,2022,PO,0.5824975396668322,0.2604897894707837,0.5854002132630947,12,4,1.4283875424007104
Julius Randle,27,2021,PO,0.4675553129864739,0.08087251510298699,0.40864394020843114,7,1,0.957071768297892
Karl-Anthony Towns,26,2018,PO,0.5193509974458161,0.12673865246766314,0.5352314671533706,3,1,1.1813211170668498
Karl-Anthony Towns,26,2022,PO,0.6125727058485347,0.22730096396170718,0.6327208634306081,8,2,1.47259453324085
Kelly Oubre Jr.,26,2017,PO,0.4189210049196017,0.03437313121521986,0.37912860827197725,2,1,0.8324227444067989
Kelly Oubre Jr.,26,2018,PO,0.6053770068517961,0.1908642610682178,0.6738782447034334,4,2,1.4701195126234472
Kentavious Caldwell-Pope,28,2016,PO,0.6289878487032694,0.2132707880864314,0.6846818142376307,3,1,1.5269404510273317
Kentavious Caldwell-Pope,28,2020,PO,0.5526694415090683,0.21159973175839056,0.5222158000599983,8,2,1.286484973327457
Kentavious Caldwell-Pope,28,2021,PO,0.5453710426067698,0.14599155663849073,0.5728206089983132,10,3,1.2641832082435738
Kevin Durant,33,2014,PO,0.6509850540522697,0.6456588406104979,0.6587000657651086,1,1,1.9553439604278764
Kevin Durant,33,2016,PO,0.6072464989734361,0.4275948043503521,0.681092831561779,4,2,1.7159341348855672
Kevin Durant,33,2017,PO,0.6860793862749669,0.5564995990309948,0.7242103664331354,6,3,1.966789351739097
Kevin Durant,33,2018,PO,0.687845119259787,0.7769180604427446,0.7143397693133804,8,4,2.179102949015912
Kevin Durant,33,2019,PO,0.6686683092681194,0.44638843984318116,0.6559765679782423,10,5,1.771033317089543
Kevin Durant,33,2021,PO,0.619573492767366,0.3594573340516375,0.6406786293517948,12,6,1.6197094561707983
Kevin Durant,33,2022,PO,0.42370960373644506,0.03899760880975142,0.43053556758455935,14,7,0.8932427801307559
Kevin Huerter,23,2021,PO,0.5754269570471168,0.26803773876979553,0.6154237105689576,3,1,1.4588884063858698
Kevin Huerter,23,2022,PO,0.5359250842582346,0.13980406227015685,0.5388741750546809,5,2,1.2146033215830725
Kevin Love,33,2015,PO,0.6761532063064167,0.2119179152697812,0.6811223108568901,2,1,1.569193432433088
Kevin Love,33,2016,PO,0.6636442729031221,0.5459862950573332,0.6929398847914232,4,2,1.9025704527518785
Kevin Love,33,2017,PO,0.6594335505365667,0.5129954116726639,0.729573559690676,6,3,1.9020025218999066
Kevin Love,33,2018,PO,0.5725862802759887,0.28278016438632914,0.6172965831685516,8,4,1.4726630278308694
Kevon Looney,25,2018,PO,0.6163706418589353,0.3041293432541635,0.6358703870079304,3,1,1.5563703721210294
Kevon Looney,25,2019,PO,0.6310213768886519,0.3533201269108277,0.6147306876215832,5,2,1.5990721914210628
Kevon Looney,25,2022,PO,0.6501769309853069,0.40428078390820893,0.666060107194485,9,3,1.7205178220880009
Khris Middleton,30,2015,PO,0.5213048673417517,0.12695700284651873,0.5460495442761266,2,1,1.1943114144643971
Khris Middleton,30,2017,PO,0.614457334174576,0.2335514468544328,0.6210486689822812,5,2,1.46905745001129
Khris Middleton,30,2018,PO,0.6608092505081237,0.31070618766949265,0.7178064534008918,7,3,1.689321891578508
Khris Middleton,30,2019,PO,0.5820627775897267,0.2743968526873911,0.6162562556819703,9,4,1.472715885959088
Khris Middleton,30,2020,PO,0.6432766419043972,0.3363529999860787,0.6058768046293442,11,5,1.58550644651982
Khris Middleton,30,2021,PO,0.6233657696489998,0.5773026369931367,0.6588389571684312,13,6,1.8595073638105677
Khris Middleton,30,2022,PO,0.5170443930665509,0.12901702538274323,0.4598221910027555,15,7,1.1058836094520497
Kyle Anderson,28,2016,PO,0.49055510654264434,0.11006660081012057,0.4536182825229151,2,1,1.05423998987568
Kyle Anderson,28,2017,PO,0.65140199579247,0.2529455812549207,0.6470920128851467,4,2,1.5514395899325375
Kyle Anderson,28,2018,PO,0.5733120534476908,0.14930822068840519,0.5833899871269375,6,3,1.3060102612630335
Kyle Anderson,28,2021,PO,0.6559717810479346,0.22388697274490366,0.7719046192674874,10,4,1.6517633730603256
Kyle Anderson,28,2022,PO,0.5572062021620209,0.16628209158369775,0.5430608299382242,12,5,1.266549123683943
Kyle Kuzma,26,2020,PO,0.5216019458111141,0.12194144370137358,0.4516891209789557,3,1,1.0952325104914433
Kyle Kuzma,26,2021,PO,0.5203757636305164,0.12872377713456049,0.45536178472850153,5,2,1.1044613254935784
Kyle Lowry,35,2014,PO,0.631561125354892,0.27327156040950473,0.5712164105141799,1,1,1.4760490962785766
Kyle Lowry,35,2015,PO,0.5426075100411617,0.14312023203739258,0.5558432543462304,3,2,1.2415709964247847
Kyle Lowry,35,2016,PO,0.6523255960985238,0.6055411988524151,0.6890429222948304,5,3,1.9469097172457692
Kyle Lowry,35,2017,PO,0.64130654746642,0.30350260537199025,0.6523095362336044,7,4,1.5971186890720146
Kyle Lowry,35,2018,PO,0.6264970945353298,0.31265444624833416,0.6099934581903483,9,5,1.5491449989740123
Kyle Lowry,35,2019,PO,0.6664168189153467,0.7548923479369065,0.7517807050190821,11,6,2.173089871871335
Kyle Lowry,35,2020,PO,0.7065230125128512,0.496675064725487,0.7794593473859098,13,7,1.9826574246242479
Kyle Lowry,35,2022,PO,0.5888746255845155,0.2241232489071766,0.627985747661292,16,8,1.4409836221529841
Kyrie Irving,29,2015,PO,0.5821478477641734,0.26014448419012187,0.630180355636714,2,1,1.4724726875910092
Kyrie Irving,29,2016,PO,0.5979286221892502,0.40731785671370596,0.6505691524174023,4,2,1.6558156313203587
Kyrie Irving,29,2017,PO,0.6236232493763337,0.44711551875375993,0.6463700057791155,6,3,1.7171087739092092
Kyrie Irving,29,2019,PO,0.559496929647519,0.18774542052901627,0.6037013006330205,9,4,1.3509436508095558
Kyrie Irving,29,2021,PO,0.6626923064090251,0.3538796292964259,0.6966463214769851,12,5,1.7132182571824361
Kyrie Irving,29,2022,PO,0.6349089371115259,0.22220626752588835,0.752172704294719,14,6,1.6092879089321332
LaMarcus Aldridge,36,2014,PO,0.6575781629275255,0.41608890522949743,0.668683016357589,1,1,1.7423500845146118
LaMarcus Aldridge,36,2015,PO,0.555896697081434,0.1623775800526259,0.5404904809711207,3,2,1.2587647581051806
LaMarcus Aldridge,36,2016,PO,0.6337955755788091,0.3102237215259195,0.602718715791547,5,3,1.5467380128962755
LaMarcus Aldridge,36,2017,PO,0.4910824522956291,0.041337538878055316,0.5139031050591778,7,4,1.0463230962328622
LaMarcus Aldridge,36,2018,PO,0.6058038763580263,0.2015524483566073,0.609662346618145,9,5,1.4170186713327786
LaMarcus Aldridge,36,2019,PO,0.6114136273867683,0.23391279958831124,0.6349380114029,11,6,1.4802644383779795
Landry Shamet,24,2019,PO,0.6498824145378872,0.23750190524327366,0.6767060698953407,1,1,1.5640903896765015
Landry Shamet,24,2020,PO,0.5036651558387816,0.10546146730902675,0.4479096704356019,4,2,1.0570362935834101
Landry Shamet,24,2021,PO,0.5463422979925383,0.15277062702351044,0.5209235377907679,6,3,1.2200364628068168
Landry Shamet,24,2022,PO,0.4749377235641231,0.08374897207236487,0.4128599639489853,8,4,0.9715466595854733
LeBron James,37,2014,PO,0.6830599392169925,0.7225642152699059,0.7263842141681055,1,1,2.1320083686550038
LeBron James,37,2015,PO,0.6371780428085443,0.5847575485944381,0.6988461249543033,3,2,1.9207817163572858
LeBron James,37,2016,PO,0.7257306722958191,0.929625219540521,0.8022945033148312,5,3,2.4576503951511715
LeBron James,37,2017,PO,0.7516656090840484,0.9438564125774438,0.8270072029869671,7,4,2.5225292246484594
LeBron James,37,2018,PO,0.6817057146877977,0.8336131036052463,0.7152440541198588,9,5,2.2305628724129027
LeBron James,37,2020,PO,0.7212680653469832,0.8657060574780819,0.6941211520225751,12,6,2.2810952748476403
LeBron James,37,2021,PO,0.7632667519655779,0.3932111798550188,0.7785521572726599,14,7,1.9350300890932566
Lonnie Walker IV,23,2019,PO,0.5524223245628179,0.13490524909700613,0.42068126304398673,1,1,1.1080088367038108
Luguentz Dort,22,2020,PO,0.5861048637550067,0.1848878261950613,0.515104303402157,1,1,1.286096993352225
Luke Kennard,25,2019,PO,0.4946741104799083,0.11194746905702935,0.5155694557140206,2,1,1.122191035250958
Luke Kennard,25,2021,PO,0.5794987024717668,0.1895138316103952,0.5760769045383203,5,2,1.3450894386204824
Malcolm Brogdon,29,2017,PO,0.5070618115501935,0.11533088283815328,0.46622205258406174,1,1,1.0886147469724086
Malcolm Brogdon,29,2018,PO,0.4924384814021975,0.10132512175336725,0.4770542324608926,3,2,1.0708178356164573
Malcolm Brogdon,29,2019,PO,0.6695648241092703,0.2723500747170801,0.7266772572328748,5,3,1.6685921560592252
Malcolm Brogdon,29,2020,PO,0.58677548112975,0.18019049271575652,0.5556258464655538,7,4,1.3225918203110603
Malik Beasley,25,2019,PO,0.5313753603391439,0.13983450471115397,0.4401965140732801,3,1,1.111406379123578
Malik Beasley,25,2022,PO,0.5002619589423831,0.11692472235354193,0.46256383910455273,8,2,1.0797505204004778
Marcus Morris,32,2016,PO,0.5297016623922082,0.13493148372527677,0.5428087842480958,3,1,1.2074419303655808
Marcus Morris,32,2018,PO,0.47970348036320637,0.004548492289507128,0.41655204877686813,6,2,0.9008040214295816
Marcus Morris,32,2019,PO,0.6672434402058605,0.3071831714175681,0.7002139991707625,8,3,1.6746406107941911
Marcus Smart,27,2015,PO,0.4671839789486252,0.10629479603235839,0.41527679221567326,1,1,0.9887555671966568
Marcus Smart,27,2016,PO,0.6399983431217285,0.24157696329010087,0.6297964996446517,3,2,1.5113718060564811
Marcus Smart,27,2017,PO,0.5719642578314489,0.2544981551391076,0.5756088695928158,5,3,1.402071282563372
Marcus Smart,27,2018,PO,0.6390348038197984,0.3858317170500614,0.6286961828763965,7,4,1.6535627037462564
Marcus Smart,27,2019,PO,0.5393235870895112,0.1344460270856021,0.6125549132602122,9,5,1.2863245274353254
Marcus Smart,27,2020,PO,0.6207594326843405,0.4347704200242755,0.6707753099467443,11,6,1.7263051626553603
Marcus Smart,27,2021,PO,0.5374814124637464,0.1430530484636779,0.5402769935567215,13,7,1.2208114544841457
Marcus Smart,27,2022,PO,0.5911353017382888,0.377408960103138,0.629291174918315,15,8,1.5978354367597418
Mason Plumlee,31,2014,PO,0.351235056554187,0.03404770172813505,0.3262478075266058,1,1,0.7115305658089279
Mason Plumlee,31,2015,PO,0.5633422387240605,0.1415341428656499,0.6027388522938408,3,2,1.3076152338835514
Mason Plumlee,31,2016,PO,0.5802232984399335,0.21457996208602123,0.5841757939072008,5,3,1.3789790544331555
Mason Plumlee,31,2019,PO,0.4744585427605957,0.07672400087476805,0.4232190381019435,10,4,0.9744015817373072
Mason Plumlee,31,2020,PO,0.5873889058349132,0.19497668666426748,0.5800390262577635,12,5,1.362404618756944
Matisse Thybulle,24,2020,PO,0.49108968386403995,0.11967384998398589,0.48584567777857335,1,1,1.0966092116265993
Matisse Thybulle,24,2021,PO,0.5750534626796244,0.18592803978985847,0.548907528638438,3,2,1.3098890311079208
Matisse Thybulle,24,2022,PO,0.5618705604410159,0.1565225081068223,0.5600799232160184,5,3,1.2784729917638566
Max Strus,25,2021,PO,0.3621453779618316,0.12760148692556353,0.26242373964541604,2,1,0.7521706045328111
Max Strus,25,2022,PO,0.6347605254401518,0.4117725238134255,0.6672980691326686,4,2,1.713831118386246
Maxi Kleber,30,2020,PO,0.48563327889273544,0.0919093073303531,0.5309562739638872,3,1,1.1084988601869759
Maxi Kleber,30,2021,PO,0.4715656488032107,0.08311885278304876,0.43227521161511695,5,2,0.9869597132013764
Maxi Kleber,30,2022,PO,0.5715748331727677,0.2339959086088957,0.587215539991665,7,3,1.3927862817733283
Mikal Bridges,25,2021,PO,0.6001252470289083,0.38933284056182416,0.6150398022807487,3,1,1.6044978898714812
Mikal Bridges,25,2022,PO,0.6161241979727783,0.349090403285917,0.6056538308947597,5,2,1.570868432153455
Mike Conley,34,2014,PO,0.5569322739011296,0.17285526263313222,0.5668774505074033,1,1,1.296664987041665
Mike Conley,34,2015,PO,0.6422782347204448,0.26783153479088484,0.7343509045566573,3,2,1.6444606740679868
Mike Conley,34,2017,PO,0.7935494366518964,0.42592924635489776,0.8934622321862036,6,3,2.112940915192998
Mike Conley,34,2020,PO,0.6365782214786018,0.22141797218902626,0.6185316279487783,10,4,1.4765278216164064
Mike Conley,34,2021,PO,0.5914039957256542,0.18882471137758308,0.5455778312498917,12,5,1.3258065383531288
Mike Conley,34,2022,PO,0.4651541013784881,0.0798608226871714,0.40106549089263716,14,6,0.9460804149582966
Monte Morris,26,2019,PO,0.47640141826058524,0.07852471905930809,0.38333425012693445,2,1,0.9382603874468278
Monte Morris,26,2020,PO,0.4936659454023268,0.0679632552326711,0.485877195551183,4,2,1.047506396186181
Monte Morris,26,2021,PO,0.5201689160099239,0.12428123863650156,0.4760606834997495,6,3,1.120510838146175
Monte Morris,26,2022,PO,0.4890757407532498,0.10401423705669215,0.5219352818347334,8,4,1.1150252596446752
Myles Turner,25,2016,PO,0.4860737176931505,0.09353839061304708,0.4705521588723658,1,1,1.0501642671785634
Myles Turner,25,2017,PO,0.6062647204305921,0.18540288151285494,0.6319395398845218,3,2,1.4236071418279688
Myles Turner,25,2018,PO,0.575861868040524,0.1807522282546427,0.4914420528610714,5,3,1.248056149156238
Myles Turner,25,2019,PO,0.6145130191881529,0.18809272942773328,0.628720380542638,7,4,1.4313261291585242
Myles Turner,25,2020,PO,0.5454016206708021,0.1463362507545129,0.515472874953184,9,5,1.207210746378499
Nassir Little,21,2021,PO,0.5991331556350206,0.13555473883924793,0.40198634814339596,2,1,1.1366742426176644
Naz Reid,22,2022,PO,0.5511577293580208,0.13911155285772936,0.5593583771158116,3,1,1.2496276593315616
Nemanja Bjelica,33,2018,PO,0.7115586675541683,0.17546178884931696,0.6786585966246319,3,1,1.5656790530281173
Nemanja Bjelica,33,2021,PO,0.6253440727408686,0.14698948136944592,0.6144899125260853,7,2,1.3868234666363999
Nemanja Bjelica,33,2022,PO,0.5256791217846966,0.13207706652952403,0.5335119835819618,10,3,1.1912681718961824
Nicolas Batum,33,2014,PO,0.621518054629191,0.34914463838709464,0.6566952465187825,1,1,1.6273579395350681
Nicolas Batum,33,2015,PO,0.5870081025176406,0.19602035906069942,0.5918112622804939,3,2,1.374839723858834
Nicolas Batum,33,2016,PO,0.3983477411827781,0.041893934066978125,0.3210689458323913,5,3,0.7613106210821475
Nicolas Batum,33,2021,PO,0.6598631696450145,0.49603512828119856,0.7064092119263823,11,4,1.8623075098525954
OG Anunoby,24,2018,PO,0.5839736542673218,0.19974267161868636,0.5423048648488851,1,1,1.3260211907348933
OG Anunoby,24,2020,PO,0.5797364715995406,0.23675349974007348,0.600328189819752,4,2,1.416818161159366
OG Anunoby,24,2022,PO,0.6161606062081159,0.22782013974212403,0.5886520785035224,7,3,1.4326328244537623
Obi Toppin,23,2021,PO,0.5622366150384924,0.14379119224979495,0.49753358543418735,1,1,1.2035613927224746
Otto Porter Jr.,28,2014,PO,0.18196268284203204,0.12203746150775213,0.12229602549249063,1,1,0.4262961698422748
Otto Porter Jr.,28,2015,PO,0.6987616011694375,0.41384743278404473,0.7183451853901587,3,2,1.8309542193436408
Otto Porter Jr.,28,2017,PO,0.6840051314241495,0.4636391555807991,0.6728420032007772,6,3,1.820486290205726
Otto Porter Jr.,28,2018,PO,0.5990850649812272,0.18988204951794319,0.6330996192622075,8,4,1.422066733761378
Otto Porter Jr.,28,2022,PO,0.6087143898134212,0.2815206806855398,0.622448020447166,15,5,1.512683090946127
P.J. Tucker,36,2020,PO,0.6107730490560191,0.3033830662081872,0.6751718731002379,1,1,1.5893279883644442
P.J. Tucker,36,2021,PO,0.606404531099782,0.40179328826943445,0.6295601170836277,3,2,1.6377579364528443
P.J. Tucker,36,2022,PO,0.6068895155099877,0.3331125633375742,0.5981637139295608,6,3,1.5381657927771228
Pascal Siakam,27,2017,PO,0.6491364296250552,0.13834040028330472,0.6090464477213172,1,1,1.3965232776296772
Pascal Siakam,27,2018,PO,0.47796270003397445,0.09060577077569251,0.4140883076790299,3,2,0.9826567784886968
Pascal Siakam,27,2019,PO,0.5910542792252352,0.4151532228823731,0.628187758300595,5,3,1.6343952604082033
Pascal Siakam,27,2020,PO,0.532848078920078,0.1462838694501099,0.5627679721467931,7,4,1.241899920516981
Pascal Siakam,27,2022,PO,0.5605206000231536,0.17530439093918798,0.5469801735814063,10,5,1.2828051645437477
Pat Connaughton,29,2016,PO,0.6068564976765961,0.13534603770726453,0.5377518079499902,1,1,1.2799543433338507
Pat Connaughton,29,2017,PO,0.6589348650169462,0.14761430892034955,0.6733707996400563,3,2,1.479919973577352
Pat Connaughton,29,2018,PO,0.571258432773127,0.14529532556389307,0.4945447039361316,5,3,1.2110984622731515
Pat Connaughton,29,2019,PO,0.5861766588140757,0.22828344724577992,0.5848744675653592,7,4,1.3993345736252147
Pat Connaughton,29,2020,PO,0.5502101401419287,0.15272715507130466,0.48627300914662985,9,5,1.1892103043598632
Pat Connaughton,29,2021,PO,0.6190141129641267,0.38174398290403544,0.6240143141791583,11,6,1.6247724100473204
Pat Connaughton,29,2022,PO,0.6007982610020745,0.24860986545690109,0.5713193405089306,13,7,1.4207274669679062
Patrick Beverley,33,2014,PO,0.5321757260778257,0.13844153274867663,0.5054404985842067,1,1,1.176057757410709
Patrick Beverley,33,2016,PO,0.5979117655260863,0.17721457329296897,0.6403817410455432,4,2,1.4155080798645985
Patrick Beverley,33,2017,PO,0.6017367967555821,0.2528047071573203,0.6589997677142334,6,3,1.513541271627136
Patrick Beverley,33,2019,PO,0.6359816487065494,0.2386213441122412,0.6894365932437403,9,4,1.564039586062531
Patrick Beverley,33,2020,PO,0.6373189309287441,0.22373879289300327,0.6659365354423324,11,5,1.5269942592640797
Patrick Beverley,33,2021,PO,0.5769409582543347,0.2127045407484185,0.6191449651509444,13,6,1.4087904641536975
Patrick Beverley,33,2022,PO,0.5864105862581894,0.18908451969312814,0.6241185039705109,15,7,1.3996136099218286
Patty Mills,33,2014,PO,0.6759809710667543,0.39257182530775997,0.6833625496353913,1,1,1.7519153460099055
Patty Mills,33,2015,PO,0.6595706882052371,0.20662938835190603,0.6487718317286741,3,2,1.5149719082858173
Patty Mills,33,2016,PO,0.6656830153315327,0.24676587738570044,0.6327524934275053,5,3,1.5452013861447385
Patty Mills,33,2017,PO,0.5503646996147533,0.18259559374565895,0.5929831119383093,7,4,1.3259434052987216
Patty Mills,33,2018,PO,0.5760758679676841,0.17222269896171813,0.5825705178528124,9,5,1.3308690847822147
Patty Mills,33,2019,PO,0.5241751236793513,0.130958333597827,0.5244861765433396,11,6,1.179619633820518
Patty Mills,33,2022,PO,0.5629128627620622,0.14537782817365638,0.5507265474799993,15,7,1.2590172384157179
Paul George,31,2014,PO,0.6811607625056191,0.7306962397734553,0.69832520007153,1,1,2.1101822023506043
Paul George,31,2016,PO,0.8526627300596299,0.5806813650106815,0.9005702225402783,4,2,2.3339143176105894
Paul George,31,2017,PO,0.5404139513269863,0.14450961274072127,0.5398036601185432,6,3,1.2247272241862508
Paul George,31,2018,PO,0.6403971445095784,0.269752950267331,0.7145083689268402,8,4,1.6246584637037498
Paul George,31,2019,PO,0.8040458370005816,0.41784689212691595,0.7855024386342878,10,5,2.007395167761785
Paul George,31,2020,PO,0.6314257324734261,0.38380389129478404,0.6281871559244774,12,6,1.6434167796926875
Paul George,31,2021,PO,0.6338012806673302,0.5474507542579006,0.6947433209842887,14,7,1.8759953559095197
Payton Pritchard,24,2021,PO,0.4577526179074568,0.11003939950730597,0.40410714930884656,1,1,0.9718991667236094
Payton Pritchard,24,2022,PO,0.6180937819654955,0.27064769221057483,0.612342190790391,3,2,1.5010836649664614
RJ Barrett,21,2021,PO,0.6068570598411156,0.19607940269270657,0.5891396319371904,2,1,1.3920760944710127
Raul Neto,29,2017,PO,0.5440942565533811,0.13756933261914708,0.5735374062521834,2,1,1.2552009954247114
Raul Neto,29,2018,PO,0.5028779562977872,0.12397805583624744,0.5141818109048573,4,2,1.141037823038892
Raul Neto,29,2019,PO,0.2899151840146521,0.10913131579379569,0.15712657652342554,6,3,0.5561730763318733
Raul Neto,29,2020,PO,0.639906709679528,0.1467745081863786,0.6949451720553764,8,4,1.4816263899212831
Raul Neto,29,2021,PO,0.5265891218206101,0.13262413545728766,0.5179098893632355,10,5,1.1771231466411334
Reggie Bullock,30,2014,PO,0.11653258772973751,0.1223948678523073,0.09449742645725051,1,1,0.3334248820392953
Reggie Bullock,30,2016,PO,0.6428722378226184,0.14494932600615554,0.6234144673902478,5,2,1.4112360312190217
Reggie Bullock,30,2021,PO,0.5647045014080886,0.16269138372320996,0.5276622899868786,12,3,1.255058175118177
Reggie Bullock,30,2022,PO,0.5592467966431135,0.24646341766821078,0.5947270331810068,14,4,1.4004372474923312
Reggie Jackson,31,2014,PO,0.5699275091977088,0.24645476905216845,0.5646389816816304,1,1,1.3810212599315077
Reggie Jackson,31,2016,PO,0.5940818896880501,0.18041468200079383,0.6382850187021433,5,2,1.412781590390987
Reggie Jackson,31,2019,PO,0.6142816229681191,0.17906583857270233,0.65755567421072,9,3,1.4509031357515414
Reggie Jackson,31,2020,PO,0.4898500655961548,0.10216437014680814,0.4336010304811778,11,4,1.0256154662241408
Reggie Jackson,31,2021,PO,0.6232352070959849,0.4273297406180602,0.7036749352765377,14,5,1.7542398829905828
Richaun Holmes,28,2018,PO,0.3920368759456465,0.12496730788078976,0.2962495481161707,3,1,0.813253731942607
Royce O'Neale,28,2018,PO,0.5188282516854553,0.12311747433786788,0.5263986772599385,1,1,1.1683444032832617
Royce O'Neale,28,2019,PO,0.6322443006823005,0.20381788556948283,0.5774345119799179,3,2,1.4134966982317012
Royce O'Neale,28,2020,PO,0.5255628296539501,0.13181688145846587,0.5152726421489742,5,3,1.1726523532613902
Royce O'Neale,28,2021,PO,0.6102801316674971,0.2972779654401324,0.6471769744457584,7,4,1.5547350715533879
Royce O'Neale,28,2022,PO,0.5783048066907451,0.17993354409791695,0.5417710304997629,9,5,1.300009381288425
Rudy Gay,35,2018,PO,0.5570527789939776,0.15613333628636458,0.5968325450741613,6,1,1.3100186603545034
Rudy Gay,35,2019,PO,0.533569891389949,0.1389667056441243,0.5046461662196005,8,2,1.1771827632536738
Rudy Gobert,29,2017,PO,0.6343289137684981,0.2629949581980188,0.727883566390266,4,1,1.625207438356783
Rudy Gobert,29,2018,PO,0.646304276695346,0.35938739429549293,0.679733689379664,6,2,1.6854253603705032
Rudy Gobert,29,2019,PO,0.5194663050398652,0.12736822003491924,0.48413920197412663,8,3,1.130973727048911
Rudy Gobert,29,2020,PO,0.5736495165693785,0.1957186079175479,0.588342645414928,10,4,1.3577107699018542
Rudy Gobert,29,2021,PO,0.637424678374675,0.33894729480675534,0.6488503947307327,12,5,1.625222367912163
Rudy Gobert,29,2022,PO,0.6164791337680695,0.2191479778292462,0.5605381655601234,14,6,1.396165277157439
Russell Westbrook,33,2014,PO,0.6637735613277337,0.641711578813833,0.6954247751985964,1,1,2.0009099153401633
Russell Westbrook,33,2016,PO,0.678103878249829,0.6477131967474887,0.7869007813602832,4,2,2.112717856357601
Russell Westbrook,33,2017,PO,0.7379487949174963,0.3412030609569338,0.7583580698534951,6,3,1.8375099257279253
Russell Westbrook,33,2018,PO,0.5041514448248916,0.10572329848761937,0.5781468983249696,8,4,1.1880216416374805
Russell Westbrook,33,2019,PO,0.39454693979879657,0.00305656925541517,0.30218985204220333,10,5,0.6997933610964151
Russell Westbrook,33,2020,PO,0.5110575049573223,0.11284121245656334,0.570666881556389,12,6,1.1945655989702746
Russell Westbrook,33,2021,PO,0.4719090895882727,0.08237296121086496,0.5017327043358141,14,7,1.0560147551349517
Scottie Barnes,20,2022,PO,0.6072375320065838,0.18624168583546363,0.5977882505753386,1,1,1.391267468417386
Shai Gilgeous-Alexander,23,2019,PO,0.5303776276996418,0.1359983382323444,0.5182597914977801,1,1,1.1846357574297663
Shai Gilgeous-Alexander,23,2020,PO,0.5977129278125649,0.23080765663003275,0.5259432236149326,3,2,1.3544638080575302
Shake Milton,25,2020,PO,0.554618659369886,0.14996355492217717,0.5741590710726866,2,1,1.2787412853647497
Shake Milton,25,2021,PO,0.4848255915401457,0.10790601955109458,0.40512267326948725,4,2,0.9978542843607275
Shake Milton,25,2022,PO,0.6211341357103219,0.20597442282889325,0.5674812497520619,6,3,1.394589808291277
Stanley Johnson,25,2016,PO,0.5482108108474789,0.14104743941482517,0.6178139984402682,1,1,1.3070722487025723
Stanley Johnson,25,2020,PO,0.40091111559451986,0.12028157448025777,0.2540864308375607,7,2,0.7752791209123384
Stephen Curry,33,2014,PO,0.7228724634835777,0.4196337655622985,0.7301218774513782,1,1,1.8726281064972543
Stephen Curry,33,2015,PO,0.6984613324363242,0.8578150163875251,0.7194648262642701,3,2,2.2757411750881196
Stephen Curry,33,2016,PO,0.6610552614216472,0.5539238044033459,0.6745228924594096,5,3,1.8895019582844026
Stephen Curry,33,2017,PO,0.7561281267819432,0.8379911531651039,0.8066827098195674,7,4,2.4008019897666144
Stephen Curry,33,2018,PO,0.6821458201842171,0.5632318089019903,0.7302953302860897,9,5,1.9756729593722973
Stephen Curry,33,2019,PO,0.6682386568259701,0.7354538480616477,0.6990852897704299,11,6,2.102777794658048
Stephen Curry,33,2022,PO,0.7002895455874465,0.8022043810526025,0.7699005608246695,15,7,2.2723944874647186
Steven Adams,28,2014,PO,0.4959217719572717,0.08376566007599652,0.49956010026496306,1,1,1.0792475322982313
Steven Adams,28,2016,PO,0.6212787981274226,0.3863140966893638,0.6966739444828138,4,2,1.7042668392996
Steven Adams,28,2017,PO,0.6410761530018004,0.22088824172525026,0.6230348070458888,6,3,1.4849992017729394
Steven Adams,28,2018,PO,0.6068318043988771,0.21107471201672634,0.6152451783830154,8,4,1.4331516947986187
Steven Adams,28,2019,PO,0.5571021345838548,0.15645460024932034,0.4656629192161948,10,5,1.17921965404937
Steven Adams,28,2020,PO,0.555045118831316,0.16211650887026932,0.4604258858041127,12,6,1.177587513505698
Steven Adams,28,2022,PO,0.5567141536215819,0.14950513323161319,0.5205543680979683,15,7,1.2267736549511634
Talen Horton-Tucker,21,2020,PO,0.7611391163251986,0.15222545357970196,0.7495477758992203,1,1,1.6629123458041208
Talen Horton-Tucker,21,2021,PO,0.5188312446398017,0.13057609392666777,0.4700554804539164,3,2,1.119462819020386
Taurean Prince,27,2017,PO,0.5758429978800632,0.1779627965391809,0.5007436335278064,1,1,1.2545494279470506
Taurean Prince,27,2022,PO,0.5009080140249522,0.12407415826964338,0.4937750098429352,8,2,1.1187571821375308
Terance Mann,25,2020,PO,0.6144673258066043,0.1439212015550429,0.5448560537923502,1,1,1.3032445811539977
Terance Mann,25,2021,PO,0.6665215472554025,0.39110134930512946,0.6940570483020412,3,2,1.751679944862573
Terrence Ross,30,2014,PO,0.5155421037336184,0.12409221217151409,0.4722605526014161,1,1,1.1118948685065486
Terrence Ross,30,2015,PO,0.5704191995340725,0.1559500735538917,0.5419802597344251,3,2,1.2683495328223893
Terrence Ross,30,2016,PO,0.5076016037917049,0.10204610106134909,0.47866682125213633,5,3,1.0883145261051903
Terrence Ross,30,2019,PO,0.5843637593483474,0.17423058337813718,0.6105844056845848,10,4,1.3691787484110693
Terrence Ross,30,2020,PO,0.6713197829832139,0.22972065060073646,0.7784029092727195,12,5,1.6794433428566697
Terry Rozier,27,2016,PO,0.5733440617309499,0.15481293523816636,0.5210310931847302,1,1,1.2491880901538464
Terry Rozier,27,2017,PO,0.6207434076508908,0.26189240771064515,0.57271801607469,3,2,1.4553538314362258
Terry Rozier,27,2018,PO,0.6391029964420922,0.5115565066434369,0.6061434466555072,5,3,1.7568029497410365
Terry Rozier,27,2019,PO,0.6083243213778909,0.19688275294272192,0.6302763865064508,7,4,1.4354834608270637
Tim Hardaway Jr.,29,2016,PO,0.4304689069760977,0.0917389415316815,0.3717579389590121,3,1,0.8939657874667913
Tim Hardaway Jr.,29,2017,PO,0.4058071624697651,0.01381986440261998,0.37075364252077003,5,2,0.7903806693931551
Tim Hardaway Jr.,29,2020,PO,0.40208141258889485,0.005289396026966209,0.42439648087515375,10,3,0.8317672894910149
Tim Hardaway Jr.,29,2021,PO,0.6302059013604847,0.26730354708300375,0.6368555141654185,12,4,1.5343649626089069
Tobias Harris,29,2016,PO,0.6347766763182648,0.21629184192673861,0.6727926617089321,3,1,1.5238611799539357
Tobias Harris,29,2019,PO,0.5780125469916509,0.24601454208876347,0.5787386098614962,9,2,1.4027656989419106
Tobias Harris,29,2020,PO,0.5880690200389536,0.1773525904833279,0.6102663888455179,12,3,1.3756879993677993
Tobias Harris,29,2021,PO,0.574756229082034,0.23555450793416993,0.543672505224552,14,4,1.3539832422407558
Tobias Harris,29,2022,PO,0.5869400816909048,0.26864014495978206,0.5835010263120367,16,5,1.4390812529627235
Trae Young,23,2021,PO,0.5941192597896108,0.3400212935477265,0.6533244503863885,3,1,1.5874650037237257
Trae Young,23,2022,PO,0.45193595308700873,0.06208823637192522,0.42244868262528734,5,2,0.9364728720842213
Troy Brown Jr.,22,2022,PO,0.5453661824148077,0.1357857090464248,0.48148244862240464,5,1,1.1626343400836372
Tyler Herro,22,2020,PO,0.5542187825424032,0.22957817802069275,0.5923834833986509,1,1,1.3761804439617467
Tyler Herro,22,2021,PO,0.4998537736197742,0.12027171599262412,0.4407645758577882,3,2,1.0608900654701865
Tyler Herro,22,2022,PO,0.4555185744958591,0.0,0.424436858544489,5,3,0.8799554330403481
Tyrese Maxey,21,2021,PO,0.5855420261556421,0.17739521042609857,0.5154316968196544,1,1,1.278368933401395
Tyrese Maxey,21,2022,PO,0.5678328716330426,0.23217585956993098,0.5620480757258097,3,2,1.3620568069287833
Tyus Jones,25,2018,PO,0.516532611290848,0.12977287318330452,0.48240453797434013,3,1,1.1287100224484927
Tyus Jones,25,2021,PO,0.6514973153799505,0.16088577991270847,0.6606323615959167,7,2,1.4730154568885756
Tyus Jones,25,2022,PO,0.5451546466695631,0.15698418433006042,0.5416829799033703,9,3,1.243821810902994
Wesley Matthews,35,2014,PO,0.5593096676711771,0.2030452085333257,0.594348824147702,1,1,1.3567037003522047
Wesley Matthews,35,2016,PO,0.47163009467552375,0.08536332581846584,0.47501099827947174,4,2,1.0320044187734614
Wesley Matthews,35,2019,PO,0.5218667719971225,0.1298583085584738,0.5326099504264666,8,3,1.184335030982063
Wesley Matthews,35,2020,PO,0.6016517973493676,0.22404283113692985,0.5522925619367001,12,4,1.3779871904229974
Wesley Matthews,35,2021,PO,0.4886454417821774,0.11187629052300532,0.48281439463258424,14,5,1.083336126937767
Wesley Matthews,35,2022,PO,0.6261221079369936,0.30242327783790235,0.6112411846503599,16,6,1.5397865704252558
Will Barton,31,2014,PO,0.5762468348057163,0.15279919699222425,0.552533415781532,1,1,1.2815794475794724
Will Barton,31,2019,PO,0.4826319179710798,0.06239737035379746,0.38439967421492355,8,2,0.9294289625398009
Will Barton,31,2021,PO,0.6050190776018847,0.1645259873721585,0.5894866256339331,11,3,1.3590316906079762
Will Barton,31,2022,PO,0.455495915330736,0.07195278217088771,0.4673751184117707,13,4,0.9948238159133944
Zach LaVine,26,2022,PO,0.5496856217190839,0.14995348335931064,0.5075668585401165,8,1,1.207205963618511
Ziaire Williams,20,2022,PO,0.548026331766395,0.15076734079596874,0.5480343456556549,1,1,1.2468280182180187
